date,firstName,lastName
"October 28th,Delilah,Gardner
"September 24th,Heather,Cherry
"January 26th,Katelyn,Ramos
"March 22nd,Hop,Serrano
"February 17th,Camilla,Price
"February 27th,Naomi,Murray
"February 9th,Mufutau,Chen
"April 14th,Randall,Huffman
"April 30th,Austin,Baird
"October 31st,Emerson,Wheeler
"October 29th,Sybill,Baird
"April 27th,Boris,Vinson
"February 9th,Evangeline,Bates
"November 28th,Haley,Simpson
"February 19th,Orli,Smith
"January 24th,Latifah,Martin
"October 23rd,Oren,Wynn
"January 14th,Stuart,Chaney
"December 2nd,Arden,Farley
"June 24th,Graham,Howell
"March 14th,Malcolm,Wong
"April 26th,Ezekiel,Burton
"September 1st,McKenzie,Chavez
"May 15th,Flavia,Salas
"October 20th,Justin,Martin
"November 18th,Germaine,Cummings
"December 12th,Malcolm,Boone
"March 14th,Price,Ramsey
"November 11th,Marvin,Herrera
"November 28th,Ignacia,Salas
"December 2nd,Sawyer,Melton
"October 5th,Mollie,Tate
"October 30th,Alika,Mueller
"March 13th,Murphy,Cooper
"June 21st,Samuel,Reese
"January 22nd,Bree,Bowen
"June 26th,Destiny,Wong
"November 18th,Jeremy,Macdonald
"February 23rd,Stuart,Bartlett
"December 18th,Warren,Schmidt
"May 12th,Imelda,Copeland
"October 23rd,Sierra,Shaffer
"November 19th,Ruth,Velazquez
"September 28th,Veronica,Holden
"January 1st,Denton,Livingston
"May 1st,Lucas,Holt
"January 8th,Jaden,Bullock
"April 10th,Shaeleigh,Baxter
"August 2nd,Odysseus,Ramirez
"March 23rd,Merritt,Henson
"May 4th,Colt,Gould
"May 13th,Daphne,Bentley
"June 19th,Leigh,Little
"July 23rd,Fleur,Oconnor
"July 3rd,Uriah,Davidson
"March 13th,Phillip,Dunn
"January 25th,Bruno,Acevedo
"December 22nd,Nadine,Wright
"April 11th,Tyler,Clay
"November 25th,Daryl,Barnett
"October 9th,Pearl,Orr
"May 21st,Micah,Nielsen
"October 11th,Joan,Mcgowan
"October 13th,Mason,Ballard
"August 13th,Yvonne,Goodwin
"November 6th,Alvin,Oneill
"September 30th,Isabella,Moss
"August 6th,Lewis,Carey
"November 29th,Lance,Puckett
"April 15th,Francesca,Randolph
"December 19th,Gray,Mcgee
"August 26th,Jena,Turner
"December 28th,Lyle,Glass
"May 10th,Peter,Pena
"December 28th,Ima,Cooley
"August 4th,Hall,Koch
"March 17th,Emmanuel,Webster
"July 19th,Iona,Kinney
"May 20th,Richard,Rhodes
"June 3rd,Mari,Underwood
"June 18th,Nola,Grant
"April 26th,Kylynn,Parrish
"October 21st,Randall,Jones
"September 21st,Amaya,Riley
"October 25th,Aquila,Yates
"August 9th,Alana,Phelps
"December 8th,Elliott,Mcmillan
"February 4th,Octavia,Hester
"January 10th,Josiah,Wells
"April 5th,Vernon,Brown
"August 15th,Lucas,Blair
"April 16th,Coby,Branch
"October 12th,Claire,Rodriguez
"February 6th,Amber,Jackson
"May 29th,Linda,Paul
"January 21st,Ann,Lewis
"July 26th,September,Rosario
"August 30th,Madeson,Kirk
"January 21st,Kim,Everett
"April 5th,Margaret,Holmes
null,Leslie,Browning
null,Shana,Foreman
null,Illana,Long
null,Ralph,Stanley
null,Rina,Davis
null,Quamar,Moreno
null,Nicholas,Cline
null,Gwendolyn,Delgado
null,Brett,Dillard
null,Mira,Bridges
null,Tyrone,Stafford
null,Jermaine,Acosta
null,Uriel,Huffman
null,Damian,Martinez
null,Norman,Blake
null,Nomlanga,Curtis
null,Coby,Foreman
null,Thane,Cantu
null,Erasmus,Reynolds
null,Mark,Gregory
null,Demetrius,Berger
null,Pandora,Cote
null,Madeson,Maddox
null,Emily,Good
null,Garrett,Lang
null,Gemma,Hurley
null,Charlotte,Gillespie
null,Chiquita,Talley
null,Ariana,Rowland
null,Whitney,Harvey
null,Nasim,Gay
null,Iona,Pearson
null,Laura,Freeman
null,Brianna,Curtis
null,Lisandra,Carpenter
null,Micah,Farrell
null,Harrison,Trujillo
null,Tarik,Whitehead
null,Penelope,Garrett
null,Lance,Richard
null,Victor,Whitley
null,Beck,Oneil
null,Kareem,Espinoza
null,Zoe,Manning
null,Jade,Barnes
null,Silas,Ross
null,Slade,House
null,Benedict,Hutchinson
null,Lamar,Shepherd
null,Magee,Pickett
null,Anthony,Sampson
null,Marvin,Atkins
null,Blythe,Barnett
null,Libby,Patrick
null,Alyssa,Barker
null,Morgan,Heath
null,Mary,Vaughan
null,Rana,Richmond
null,Jael,Knox
null,Evan,Alvarez
null,Chancellor,Flores
null,Alea,Charles
null,Teagan,Boone
null,Allen,Ellis
null,Madeson,Casey
null,Octavius,Randall
null,Barrett,Valencia
null,Quintessa,Mathews
null,Noelle,Lott
null,Jackson,Rich
null,Brielle,Wilkinson
null,Hamish,Morrison
null,Isaiah,Cote
null,Macon,Santana
null,Byron,Glover
null,Phelan,Mcmahon
null,Thomas,Moreno
null,Candice,Richards
null,Caldwell,Giles
null,Cooper,Roman
null,Phoebe,Thompson
null,Camille,Gutierrez
null,Amaya,Lester
null,Farrah,Riley
null,Neve,Marsh
null,Isaac,Ross
null,Pearl,Richardson
null,Maggy,Haley
null,Castor,Bryant
null,Vance,Kemp
null,Alec,Travis
null,Chiquita,Nelson
null,Holmes,Henry
null,Gannon,Brooks
null,Ainsley,Ashley
null,Ebony,Mullins
null,Flavia,Larson
null,Melodie,Sawyer
null,Noelani,Wilson
null,Felicia,Fuller
null,null,null
null,null,null
null,null,null
null,null,null
null,null,null
null,null,null
null,null,null
